<?xml version="1.0" encoding="UTF-8"?>
<beans xmlns="http://www.springframework.org/schema/beans"
	xmlns:xsi="http://www.w3.org/2001/XMLSchema-instance"
	xmlns:context="http://www.springframework.org/schema/context"
	xsi:schemaLocation="http://www.springframework.org/schema/beans http://www.springframework.org/schema/beans/spring-beans.xsd
		http://www.springframework.org/schema/context http://www.springframework.org/schema/context/spring-context-4.3.xsd">
		<bean id="employee" class="com.capg.SpringLab11.Employee">
		<property name="employeeId" value="999"></property>
		<property name="employeeName" value="Sparsh"></property>
		<property name="salary" value="15000000"></property>
		<property name="businessUnit" value="PES-BU"></property>
		<property name="age" value="25"></property>
		</bean>

</beans>